,nsrc,tau,ellipse_z,i
q_mean,0.49271415801453844,0.4908917419090309,1.5338158276478755,-2.2546924682816254e-18
q_std,0.2883756791381073,0.28561847641679516,0.8262731604130747,0.7071075235854242
u_mean,0.49271415801453844,0.4908917419090309,1.5338158276478755,-2.2546924682816254e-18
u_std,0.2883756791381073,0.28561847641679516,0.8262731604130747,0.7071075235854242
